,t (s),x (mm),y (mm),angle (Â°)
0,0.0,606.3396944581032,427.0027249021315,91.92329868383588
1,0.033390903857225096,600.2771242385426,435.72085740545697,98.06913530971923
2,0.06678180771445019,595.5360393075985,435.41683215640546,105.03662488872342
3,0.10017271157167529,601.8080788197784,434.8743740451967,110.33703420939757
4,0.13356361542890038,591.3019554026248,441.95753925676473,115.96712127255049
5,0.16695451928612548,607.0448188328793,431.35104871409584,122.21458047880526
6,0.20034542314335058,591.592619369856,443.40032789669317,127.47944354319176
7,0.23373632700057567,591.1078969975099,443.3488593502597,135.10703316016878
8,0.26712723085780077,612.745657727193,421.3154938501479,140.32100788340355
9,0.30051813471502586,610.0638233168609,428.74717910761785,144.95911246884327
10,0.33390903857225096,608.0578814431495,425.1336961056047,149.128684433645
11,0.36729994242947606,603.526149232158,432.03329453198694,153.87080845745803
12,0.40069084628670115,600.896794818332,436.4873304409434,157.8155905856133
13,0.43408175014392625,603.9909626914977,433.18474516392604,161.45786748191824
14,0.46747265400115134,606.4429674063446,437.44542466055003,164.97131818588625
15,0.5008635578583764,596.6520339243631,450.34301383858315,168.20284256045397
16,0.5342544617156015,591.7595542349471,458.72441184936315,171.2952332823553
17,0.5676453655728266,590.8176904507578,460.71853174704404,174.85846424721927
18,0.6010362694300517,596.0522519025726,457.21508004943274,176.8548264541051
19,0.6344271732872768,610.357301677099,437.47843760589984,179.17857577695602
20,0.6678180771445019,594.9471146623736,459.63700183947424,-178.13987420050015
21,0.701208981001727,603.2469447744435,451.8338058342363,-176.09216103241388
22,0.7345998848589521,603.8937548633664,452.38306706186927,-174.10734189951063
23,0.7679907887161772,592.8071306571146,459.59343964778014,-171.21638109057614
24,0.8013816925734023,593.6063693408414,467.19784183515077,-169.87153318637345
25,0.8347725964306274,602.3250752188532,459.50356357936744,-167.84594451747495
26,0.8681635002878525,593.9312787252857,470.62593029071274,-165.62163385755673
27,0.9015544041450776,601.3856082893698,455.7024341500984,-164.16811385540373
28,0.9349453080023027,602.6551181244563,456.55411094775786,-162.6429496323038
29,0.9683362118595278,618.2847451271451,444.65998372106344,-160.45485651913418
30,1.0017271157167529,618.1286154078646,446.0367987166418,-158.4367976968562
31,1.035118019573978,619.6568363534191,447.67032288777125,-157.24151783063257
32,1.068508923431203,615.4448713175855,451.8449910657446,-154.98955619035084
33,1.1018998272884282,620.0005401803012,447.26091592432715,-153.34968885941433
34,1.1352907311456533,614.6717277235633,457.6322672503038,-152.08161519407864
35,1.1686816350028784,622.1530728697643,450.3667769912962,-149.59788779058044
36,1.2020725388601035,617.6170214189999,450.7620147264908,-147.70448260470283
37,1.2354634427173286,621.491045500588,448.09301066318574,-146.45812169191782
38,1.2688543465745536,625.433402877111,452.57764766861266,-143.94487084217863
39,1.3022452504317787,623.6615240093696,457.446996406947,-142.07802593526043
40,1.3356361542890038,615.8415515870013,464.81783068573213,-140.03522050327922
41,1.369027058146229,624.2214063314697,459.92307797549927,-138.00568413269716
42,1.402417962003454,628.4130669964089,456.637867638257,-135.96784195122265
43,1.4358088658606791,617.946833877778,464.31653915330173,-132.8036924893919
44,1.4691997697179042,631.4941645870035,456.2853639092073,-130.63908596199883
45,1.5025906735751293,622.2526865062272,471.2222324120433,-127.35727373857398
46,1.5359815774323544,630.3397334004749,462.72299669764556,-124.78386946835354
47,1.5693724812895795,618.8979057399537,468.6764895023872,-121.2982156235051
48,1.6027633851468046,625.5587833791664,462.52665853016475,-118.51050636514199
49,1.6361542890040297,632.5454136949187,463.0682383791428,-114.35205151007877
50,1.6695451928612548,639.4389206535732,455.07520244234036,-111.21060482963298
51,1.70293609671848,634.0947174592351,464.515421389093,-107.0529449861028
52,1.736327000575705,640.1070792870592,457.92352153522154,-103.18673509609829
53,1.76971790443293,643.1551484666452,457.06897447753414,-98.50051966132341
54,1.8031088082901552,641.4672851290278,459.8916432780099,-93.50986767334257
55,1.8364997121473803,651.709255447353,452.79916242532414,-88.4733551762703
56,1.8698906160046054,645.3670732935806,455.83396169327096,-82.76869432370687
57,1.9032815198618305,638.9697468239839,462.8500292963155,-77.20759647579314
58,1.9366724237190556,652.5686412313039,452.2243210348108,-71.42617162559523
59,1.9700633275762807,636.7283301646127,467.6988304277546,-65.29539598497627
60,2.0034542314335058,646.7501689003078,455.80419518507966,-59.97179489176409
61,2.036845135290731,648.5182998776643,461.6635512498477,-54.77529171422283
62,2.070236039147956,644.3674853929019,470.024286870376,-48.512286469831125
63,2.103626943005181,644.1375269999002,472.1207884354336,-43.734937702855575
64,2.137017846862406,652.37036376708,461.2085687596334,-39.4703409250514
65,2.1704087507196315,648.0345606585122,466.7005117995465,-34.39681071346041
66,2.2037996545768563,640.5745916953375,471.81891614505446,-30.746970424923482
67,2.237190558434081,644.0981401274861,470.02587642312017,-27.31303502002101
68,2.2705814622913065,652.0208182677068,468.72156227409255,-23.06927198543665
69,2.303972366148532,651.1044123685123,470.4625097380569,-19.41808722374269
70,2.3373632700057567,642.9465282756832,482.10495342206514,-16.28129756963265
71,2.3707541738629816,634.8901231072523,485.1324775910777,-13.119113162404496
72,2.404145077720207,636.2798469222314,491.8239765560378,-10.389995804136376
73,2.4375359815774322,624.3464752125273,502.5817450567178,-7.094306195909262
74,2.470926885434657,630.3716382848844,493.68058601571795,-3.489705655306544
75,2.504317789291882,626.2744315725872,500.3660577250305,-1.1095801275454065
76,2.5377086931491073,627.5312370459102,501.3489492822407,0.7419045079324462
77,2.5710995970063326,626.3702913905855,504.54003251638767,2.7006876477018587
78,2.6044905008635575,619.5341663326483,507.8782392707484,4.830385981768131
79,2.6378814047207824,632.7330159743617,490.7795152600205,6.739067984962951
80,2.6712723085780077,640.4178782193758,488.07147729306735,8.473395132856377
81,2.704663212435233,625.8077389989622,499.9696719411613,10.71791380505137
82,2.738054116292458,615.2907235752192,515.1176689064075,12.508542257061258
83,2.7714450201496827,629.3425344497366,501.58742405960413,14.504721029545806
84,2.804835924006908,633.8090455949167,497.47812447897013,15.976347645259686
85,2.8382268278641334,631.4936086487262,500.14854451585376,17.619523736153788
86,2.8716177317213583,630.7101010238241,501.3347911927315,19.91238138874296
87,2.905008635578583,625.7483696230726,508.62014608001414,21.604382102896572
88,2.9383995394358084,636.1884811040984,495.92478607122695,23.06089465270107
89,2.9717904432930338,633.8839499405782,498.9576892650256,25.1196840416697
90,3.0051813471502586,636.4500712318562,495.4971393312117,27.21516753649823
91,3.0385722510074835,630.9956804278431,504.72789485327183,28.6269506791998
92,3.071963154864709,628.9694667869945,508.460902079817,30.622353197427017
93,3.105354058721934,628.3811944994371,508.6241562767603,32.10971731612627
94,3.138744962579159,635.498970683899,506.4199084079126,34.260633498957304
95,3.172135866436384,636.0824313837735,504.37057401679607,36.08930884406943
96,3.205526770293609,639.1330060455789,503.28181679138385,38.380410188095595
97,3.2389176741508345,621.949771317136,518.8052458339539,40.972559529890006
98,3.2723085780080594,625.6000262160853,515.4844173125141,42.538179004721954
99,3.3056994818652843,627.6575198480487,511.7223855215699,45.36864030176357
100,3.3390903857225096,629.1863860189164,510.9232743193627,47.548423380139695
101,3.372481289579735,633.1657094183737,504.3713394761511,50.86099020400051
102,3.40587219343696,631.4749628576938,507.2580642883188,53.970006092592406
103,3.4392630972941847,626.8470275476656,513.5497949552106,57.22421666929068
104,3.47265400115141,626.1826429702097,515.0569834002101,60.75436531835473
105,3.5060449050086353,638.4936102084943,501.1365407742334,64.34565694949687
106,3.53943580886586,633.4350662954429,506.2023256970974,67.93880390998675
107,3.572826712723085,640.5179237444028,498.70596314568525,72.02105542259123
108,3.6062176165803104,637.9668973716604,502.06789763857273,76.84055190758659
109,3.6396085204375357,635.7045955496009,504.00745121074965,81.3304555981439
110,3.6729994242947606,636.4581433624431,505.281171280891,86.90353780615199
111,3.7063903281519854,633.4466988238345,507.6838404634215,92.71633867828591
112,3.7397812320092108,636.3206762537823,506.14437987249516,98.03429050185923
113,3.773172135866436,637.1637985118388,506.6468090225029,103.66179894697382
114,3.806563039723661,644.9512870057891,497.9636922071413,110.35992748648631
115,3.839953943580886,647.3744550326261,500.99928066717445,116.05396015282342
116,3.873344847438111,652.3493283636423,487.2794357766706,121.70301140199113
117,3.9067357512953365,641.4539697369615,504.2006034022996,128.10836105764324
118,3.9401266551525613,644.5146319559749,501.3691867080712,133.63238358611784
119,3.973517559009786,646.21589637941,498.49885560502855,139.0682466227229
120,4.0069084628670115,646.6623107796845,501.0162010860012,144.08061018435495
121,4.040299366724237,653.5020622444988,499.887838109546,148.58017652699496
122,4.073690270581462,651.8195997850656,502.8404690698446,152.8300980674721
123,4.107081174438687,644.7912283959662,505.6648441181548,157.02466173147042
124,4.140472078295912,646.03238376972,504.2920207404543,160.7769582391925
125,4.173862982153137,647.4734452768961,504.2427695165952,164.49619561736748
126,4.207253886010362,647.2785707367086,505.13058192785456,167.23067670750518
127,4.240644789867587,653.4506703705395,506.11534384040004,170.35403266903245
128,4.274035693724812,643.6396450674866,512.6141944675688,173.89957466708805
129,4.307426597582038,645.023855287806,512.6336441264124,176.1999739323039
130,4.340817501439263,644.4823088079297,513.2018755682968,179.31534411110522
131,4.374208405296487,647.4350409966505,513.400917044361,-178.57360380191818
132,4.407599309153713,645.8259663939533,516.8741287208129,-177.0615107779836
133,4.440990213010938,654.2890614053455,513.2223819817544,-174.56085698123968
134,4.474381116868162,654.0840090402493,508.1007532702514,-172.0651083416417
135,4.507772020725388,649.2467761088999,515.8682494720451,-170.0721672635201
136,4.541162924582613,647.0200374015017,519.492101432099,-168.39640249404488
137,4.574553828439838,656.3255949200498,509.89535736769477,-166.30201654286216
138,4.607944732297064,656.2870095586736,511.22359386036266,-164.72442227072054
139,4.641335636154288,656.604637937954,513.3713198139842,-162.9409904856293
140,4.674726540011513,658.5826538161315,512.0002123762192,-161.39109529567511
141,4.708117443868739,656.4826240271146,519.5028226151761,-159.36720836781342
142,4.741508347725963,670.2699608331592,504.39110174851544,-157.81572687228515
143,4.7748992515831885,660.1146331022937,520.3917688272056,-155.94216886723922
144,4.808290155440414,660.8994439130104,521.2392220615432,-154.07507974279062
145,4.841681059297639,663.698793837719,519.4061569704396,-152.7773115298527
146,4.8750719631548645,678.6609230526371,503.9476576677211,-150.57514665138126
147,4.908462867012089,666.8998967223371,518.2180660027611,-148.2854664862664
148,4.941853770869314,672.5946680785465,513.1009293695394,-146.62610725510098
149,4.9752446747265395,669.9310972126682,519.2511345465094,-144.9002811291859
150,5.008635578583764,677.6751180942281,511.5875787314544,-143.09320313549003
151,5.042026482440989,669.142598752648,519.3193154193928,-140.92460077090357
152,5.075417386298215,663.3899162898218,529.1985713182268,-138.8093795475782
153,5.10880829015544,660.3418315227226,533.9418558363077,-136.84206037261163
154,5.142199194012665,671.9356605515071,520.9747563605682,-134.52720941462618
155,5.17559009786989,662.9786822572039,536.8603123326026,-131.80284160086566
156,5.208981001727115,666.9140500798669,534.0462428207475,-129.40756690897405
157,5.24237190558434,668.9845192359892,530.8819320537145,-125.4635402594792
158,5.275762809441565,669.5037859133878,532.1094314922542,-122.37150890856705
159,5.30915371329879,664.8986230024313,537.7883658738175,-119.73389356827593
160,5.342544617156015,679.7319929711574,527.9179427410683,-116.52718748680603
161,5.375935521013241,672.9074502079008,537.8656443590526,-113.28986670321203
162,5.409326424870466,672.9055341099142,533.0294351663367,-109.08179685091905
163,5.44271732872769,686.3442145181317,522.733225028186,-104.8030532338405
164,5.476108232584916,674.917130560747,533.8759317678365,-100.60377477192051
165,5.509499136442141,683.7696904731276,530.8167599801436,-96.0398004167217
166,5.5428900402993655,690.7558713625508,524.3733847705532,-90.91103154061553
167,5.576280944156591,690.8796098548925,526.2018412567593,-86.36005493212419
168,5.609671848013816,697.581813208867,517.0481776076259,-79.8495983673448
169,5.6430627518710414,696.8615220823939,519.9707874178469,-74.68951574276623
170,5.676453655728267,687.5873668134785,526.4488737839298,-69.22631483580206
171,5.709844559585491,695.9087813740022,523.928781332765,-63.300164296473
172,5.7432354634427165,690.1601885816382,526.592214423929,-58.491885270272356
173,5.776626367299942,686.4630637679857,533.6602631622396,-52.708576030531184
174,5.810017271157166,687.6463823116105,532.7021719199176,-47.441407526778754
175,5.843408175014392,687.2673730248897,534.5832220770501,-42.50311803986133
176,5.876799078871617,686.9071529694335,537.3568815568964,-38.042440509761896
177,5.910189982728842,681.7468766215821,544.7685541941311,-33.637021056912715
178,5.9435808865860675,685.9299775811601,540.9370377076453,-28.924219502990113
179,5.976971790443292,682.4160028836302,547.1762986913953,-25.32416955715125
180,6.010362694300517,689.7289749169873,538.0118865245095,-22.662307834832095
181,6.043753598157743,680.9390806688306,548.5473392346112,-18.304750324892613
182,6.077144502014967,675.9012817183667,557.5886658218523,-15.337108692616514
183,6.110535405872192,674.9192902770164,561.6092854658624,-12.195717272898893
184,6.143926309729418,674.9700489222889,562.333895689936,-9.62647176222077
185,6.177317213586643,675.0192617768497,562.9055638146106,-6.560653321115787
186,6.210708117443868,670.8951073360932,568.8388881591418,-3.0982451876925943
187,6.244099021301093,676.4129964006842,562.3212484809139,-0.7108316528199161
188,6.277489925158318,673.503186622712,566.4435690744248,0.8522129971157
189,6.310880829015543,,,
190,6.344271732872768,682.0519385041731,557.0619515008506,5.113271211482083
191,6.377662636729993,682.6392874302259,556.859904511962,7.189060037272885
192,6.411053540587218,679.6506297279037,562.4292614170892,8.74873375017408
193,6.444444444444444,679.0732158426152,563.9265117415605,10.460563523670872
194,6.477835348301669,679.3340568287149,571.2641987169039,12.189427023164113
195,6.5112262521588935,680.5756256173985,563.5424625307816,14.03605388620516
196,6.544617156016119,671.0477935947722,576.9495214389863,16.25807880254088
197,6.578008059873344,674.1963295620701,572.4037724416196,18.012804105140795
198,6.611398963730569,673.8858185950115,573.7377863890451,19.855374858270324
199,6.644789867587794,682.8997520461224,568.3252208444985,22.03821796206992
200,6.678180771445019,683.2214323800562,568.5182757827996,23.548745961607917
201,6.7115716753022445,685.6950634232163,565.6962947971285,25.056076042734922
202,6.74496257915947,682.9149479496022,569.601535616686,27.030200995851306
203,6.778353483016694,682.0198457753905,571.5049371562773,28.574673737056653
204,6.81174438687392,680.1866099949958,576.2188211638962,30.311189795549293
205,6.845135290731145,681.0034976712697,573.7547258728115,32.47297175308002
206,6.878526194588369,688.4636105445991,564.532843991115,34.17983469828121
207,6.911917098445595,683.2094226137184,564.8797803328636,35.79530874833292
208,6.94530800230282,681.1531372983596,575.7613118752487,38.08634119561927
209,6.978698906160045,686.7226403130926,567.8013215382496,40.032919227445916
210,7.012089810017271,679.9353163579167,577.4470452466747,42.537560128757804
211,7.045480713874495,691.553283442883,562.91406983638,44.33331659834995
212,7.07887161773172,693.5159055753621,560.7718076648775,46.995666573294386
213,7.112262521588946,686.6930258689962,567.1997284928369,50.3235418690171
214,7.14565342544617,688.7114468265634,568.518119469329,53.2937931044974
215,7.179044329303395,690.6451079444471,564.7808819010812,56.796814057035206
216,7.212435233160621,688.4784844237713,569.1287075295726,59.55156349326461
217,7.245826137017846,688.3668373630707,567.9618361030496,63.42547024059449
218,7.279217040875071,692.6991157098187,558.3340760392117,67.10868488346338
219,7.312607944732296,705.3461698098325,547.0715993630977,71.48174347800797
220,7.345998848589521,685.3882904372775,573.6121326126806,76.03527698018264
221,7.379389752446746,699.4406575244853,556.1520850955868,80.44560727814257
222,7.412780656303971,699.1428567809951,556.6316029160037,85.15158177958418
223,7.446171560161196,699.6769579165824,557.2256552898596,91.21183583249447
224,7.4795624640184215,700.7057891338909,555.0557352533526,97.37850354078509
225,7.512953367875647,715.7821132628703,534.8939384330644,101.39535273526856
226,7.546344271732872,707.848361810072,548.9429142484755,108.50123537077215
227,7.579735175590097,694.6380370536788,564.6798482624715,114.47515912476797
228,7.613126079447322,702.4074515459588,555.0885474768619,120.35101241648245
229,7.646516983304547,702.939482386808,554.1874546775181,127.0220194923479
230,7.679907887161772,706.2436625044134,550.8212768285834,132.37791355025456
231,7.713298791018997,701.0480306321954,552.7242209818922,137.36339361905135
232,7.746689694876222,707.608760092295,543.2869308039084,143.28885180217551
233,7.780080598733448,690.3933951400967,569.44806986535,147.65945050091594
234,7.813471502590673,696.4170159573276,562.7370901608521,151.17463712558686
235,7.846862406447897,691.1126875380609,571.775918833922,155.7823566622929
236,7.880253310305123,699.8260070737139,562.5761825043082,159.0706555467222
237,7.913644214162348,689.7508699023814,575.4613605342257,163.48010055142592
238,7.947035118019572,692.0570520812923,574.4094419068591,166.37736753878357
239,7.980426021876798,688.315757387889,581.793349321399,169.38321292286548
240,8.013816925734023,689.9849929861309,580.7948842097389,172.87276478613973
241,8.047207829591247,690.4498330562983,580.7786130662977,175.495470657902
242,8.080598733448474,711.8069617973345,559.520616660945,178.12044346728274
243,8.113989637305698,707.2971790803484,564.6511923559885,-179.29603523934506
244,8.147380541162924,702.6947935185713,573.3971969301379,-177.39255241307353
245,8.180771445020149,703.3989399808005,574.8884913621479,-175.39540818757192
246,8.214162348877373,707.9075213817439,572.5773791640235,-173.0946250919484
247,8.2475532527346,701.5077318011105,584.2850365368524,-171.26428699797177
248,8.280944156591824,709.8966077481299,573.648448708109,-169.40461238682087
249,8.314335060449048,699.4134244929246,582.8855029910312,-167.63917104091064
250,8.347725964306274,698.2232809565463,585.311777956056,-165.75022113044545
251,8.381116868163499,698.5542383225041,587.5423383418099,-163.9087606215599
252,8.414507772020723,698.3193506907219,588.6183073683916,-162.52106629685252
253,8.44789867587795,704.112485365198,580.8694292857082,-159.98240444380525
254,8.481289579735174,709.4547319925579,575.8094142547508,-158.08800013178944
255,8.5146804835924,705.7013828329198,581.9741914261214,-156.7894734421653
256,8.548071387449625,698.183839919147,595.0101902339431,-154.6936620229544
257,8.581462291306849,706.3326005761529,585.7892531953792,-153.00231239515395
258,8.614853195164075,702.8799934890848,593.481347020618,-150.6419934688007
259,8.6482440990213,712.757290238738,579.6820346453867,-149.31548289330277
260,8.681635002878526,710.9611860537663,585.1059809172933,-147.42583638479974
261,8.71502590673575,716.1296868390608,580.0862520722889,-146.16490687773376
262,8.748416810592975,715.2579185473477,582.8304142503831,-144.40218897926542
263,8.781807714450201,729.2295396966077,567.5989954077677,-142.60341660931772
264,8.815198618307425,715.8482560243472,585.4620222413491,-140.3247424833063
265,8.84858952216465,712.7940810501842,591.9662638026368,-138.2012040084631
266,8.881980426021876,710.5880089449563,595.2645485450187,-135.69929334909503
267,8.9153713298791,711.9363851824294,597.3413587529119,-133.90256877039218
268,8.948762233736325,708.4462854699432,605.245856761377,-131.20090980172392
269,8.982153137593551,717.8189776669609,593.99623884674,-128.6742780637812
270,9.015544041450775,724.2183321058109,585.1388979209812,-124.66098299024964
271,9.048934945308002,726.2559581265186,584.8450799325211,-122.35996008663827
272,9.082325849165226,735.14455048515,584.62837980634,-118.85385337593098
273,9.11571675302245,729.274454964275,588.5861544004736,-115.30193161320196
274,9.149107656879677,735.0254515870486,578.2351291588762,-112.14564463174409
275,9.182498560736901,729.6862672086437,589.4218409279506,-108.08116665239842
276,9.215889464594127,731.6127481596245,588.2293797130241,-104.59365521775486
277,9.249280368451352,725.9784640225126,597.9730017558015,-99.94148858437434
278,9.282671272308576,743.1731803513959,572.3543517547138,-94.74491109289657
279,9.316062176165802,735.3145762699446,587.5042279093054,-90.43365483343722
280,9.349453080023027,742.4548247570232,578.8497684903296,-84.04347698282989
281,9.382843983880251,747.7856396825974,571.5539227467674,-79.39310109344898
282,9.416234887737478,740.721548184568,584.0934043672801,-73.60566084755894
283,9.449625791594702,733.3451007551987,594.8363266332851,-67.93167137028757
284,9.483016695451926,740.8562134450374,587.305677647831,-62.517488313634644
285,9.516407599309153,738.6874933775297,591.7189645425419,-56.8927668477164
286,9.549798503166377,740.0073371738326,592.3838023767231,-51.16450251501615
287,9.583189407023603,753.378345821461,573.0597934875992,-46.844794304438494
288,9.616580310880828,752.4778426215213,575.2011536425575,-41.57228925148224
289,9.649971214738052,745.7059642675144,587.2911581033896,-38.085534833506806
290,9.683362118595278,,,
291,9.716753022452503,,,
292,9.750143926309729,742.8891461367301,592.7038614769897,-24.848191626184878
293,9.783534830166953,740.3448165431405,598.0726169237842,-21.279659723580707
294,9.816925734024178,740.306872834193,601.3171393691289,-18.487686929819738
295,9.850316637881404,735.9864500824945,616.9254647900087,-15.030902951859275
296,9.883707541738628,744.1822405859483,605.1638258899715,-11.531493848629893
297,9.917098445595853,723.2253060474675,628.9382398912531,-9.345903790953109
298,9.950489349453079,726.6666516463705,625.7063929310474,-6.3332647466761145
299,9.983880253310303,746.5470734874443,601.373936891743,-3.02026624476942
300,10.017271157167528,736.4418173899866,609.604982743218,-0.7168411834815842
301,10.050662061024754,743.6707259648573,600.3652939143695,1.3116155252127477
302,10.084052964881979,732.7090313347877,621.7970508355387,2.963250668233208
303,10.117443868739205,734.4694270279861,614.6871913101974,5.530315008224374
304,10.15083477259643,719.3762263489002,636.715266978486,7.136778644562627
305,10.184225676453654,722.7464341201488,633.7379706078929,9.240212048242693
306,10.21761658031088,722.6934468632043,631.7223260156154,10.97226233262369
307,10.251007484168104,718.8651461961746,639.5298303426382,12.620728928464251
308,10.28439838802533,719.8206657811241,638.8031367911397,14.243704030464771
309,10.317789291882555,721.7828743957524,636.4985599048185,16.600384454812588
310,10.35118019573978,742.6973670868393,619.4529126822787,17.979567013374602
311,10.384571099597006,745.565823315339,614.5448222485487,19.286103663426747
312,10.41796200345423,737.8522461594623,625.9833910608007,21.613904882294893
313,10.451352907311454,739.8538909823267,623.0085140114428,23.540572109593114
314,10.48474381116868,735.2790229732643,627.7713803727084,25.268873448318065
315,10.518134715025905,724.4593669693465,644.0172313632193,26.31024365331805
316,10.55152561888313,735.482488690426,628.2161665335552,28.424517209009267
317,10.584916522740356,726.745163120837,643.6047057168355,30.342408473341266
318,10.61830742659758,724.3222814584968,638.4104566264327,31.982677875627175
319,10.651698330454806,734.5647495474594,631.6872862034384,33.799166353863555
320,10.68508923431203,734.6147199960358,631.578149064866,35.94844342563979
321,10.718480138169255,731.075075341259,638.3606153157604,37.735500563202706
322,10.751871042026481,731.6383127698813,636.0819101550167,39.97649701727839
323,10.785261945883706,734.1687543150465,634.3555304786059,42.01477487298669
324,10.818652849740932,733.430893766263,636.1308728331564,44.32627247989744
325,10.852043753598156,736.0808637916635,632.0882236599941,47.30385866819859
326,10.88543465745538,737.4830220019347,632.0157869152202,49.41416078876313
327,10.918825561312607,730.2991785046737,640.0072440414813,53.03530112181282
328,10.952216465169831,,,
329,10.985607369027056,,,
330,11.018998272884282,743.8680474270794,622.3747899234934,62.12242532847658
331,11.052389176741507,745.2349816877175,612.6186065479949,65.96468169397778
332,11.085780080598731,745.9984542309782,612.1108593556463,69.88312449766164
333,11.119170984455957,748.5575306023396,609.5707177703941,73.85105062860097
334,11.152561888313182,746.1467638757574,614.6630010075954,78.26632143712847
335,11.185952792170408,736.4910785500905,626.6233157391525,82.88954598620707
336,11.219343696027632,748.2929926079447,612.0472543102204,89.37932866235636
337,11.252734599884857,751.5250090283344,607.7573725818868,93.92198282113681
338,11.286125503742083,749.8086248753762,618.1230143598457,100.20969475692632
339,11.319516407599307,750.7684331464745,617.3064610736723,106.30699769190446
340,11.352907311456534,755.2810623217196,611.096548375375,111.1296442722719
341,11.386298215313758,759.4817846234761,606.0566612450084,117.69574598425729
342,11.419689119170982,754.4499841765828,614.4369233557233,123.12974184105245
343,11.453080023028209,756.3233799101718,614.2387313764555,128.73644185802146
344,11.486470926885433,759.7120670395872,609.7308620412776,134.34253891094951
345,11.519861830742657,,,
346,11.553252734599884,,,
347,11.586643638457108,754.5370509725066,621.3262374741321,148.58049551846926
348,11.620034542314333,756.2729195039319,620.0148101126887,152.46490011141333
349,11.653425446171559,756.4381518694046,621.9215146710696,156.24989685354439
350,11.686816350028783,756.710090727762,623.6055587597415,160.2194853556281
351,11.72020725388601,756.6406939747882,622.1340911745493,163.3674509886672
352,11.753598157743234,756.2196571777356,622.8048873859385,167.02679911072872
353,11.786989061600458,758.090863663366,623.4085038654175,169.60144165091955
354,11.820379965457684,,,
355,11.853770869314909,745.3339367831527,636.4228604751045,176.09133119976283
356,11.887161773172135,,,
357,11.92055267702936,742.422072719363,645.269298983145,-179.98716062043005
358,11.953943580886584,767.4391446270472,618.8940430906825,-177.33166597107254
359,11.98733448474381,759.92872443657,631.3344573952475,-175.54421144395894
360,12.020725388601035,,,
361,12.054116292458259,750.6949416469076,641.7474124901728,-171.13099066497065
362,12.087507196315485,,,
363,12.12089810017271,757.7643206296806,634.3456094974258,-167.64807752935567
364,12.154289004029934,765.1461615343736,624.1785898634938,-165.7334110548853
365,12.18767990788716,762.8787269968232,631.2534030816632,-163.91821231405652
366,12.221070811744385,759.7532763318758,637.4961667302462,-161.96177957775
367,12.254461715601611,766.8869217043966,629.9573690219884,-160.41968099449494
368,12.287852619458835,752.7374271099345,645.5110652575123,-158.422571627608
369,12.32124352331606,762.15455443186,633.1607697390871,-157.1462992210714
370,12.354634427173286,759.2424074708223,640.6259796068673,-155.65800480208756
371,12.38802533103051,768.8019509617953,634.7543321893861,-153.87767588012102
372,12.421416234887737,768.1192365219825,637.2556278922453,-151.7090940481623
373,12.454807138744961,766.0615649542633,643.3263698428326,-150.12531849867636
374,12.488198042602185,772.1905120954644,635.824470512181,-148.5605283623599
375,12.521588946459412,769.3232120784502,643.239374970159,-147.2448830205127
376,12.554979850316636,778.000278117345,630.9194170010933,-145.3892190956171
377,12.58837075417386,778.0975971837481,635.0490004346834,-143.3085508763772
378,12.621761658031087,778.7885214660688,637.45012052197,-141.16957848867253
379,12.655152561888311,,,
380,12.688543465745536,,,
381,12.721934369602762,778.9087268523409,643.5683321227505,-134.7289957625733
382,12.755325273459986,777.9629656759186,640.3534427813339,-132.43521135237657
383,12.788716177317212,783.4676655261387,634.2824065888086,-130.5320548430785
384,12.822107081174437,782.489331695302,636.6590189960924,-127.26598476696755
385,12.855497985031661,781.0835153730478,642.5391081032855,-124.20056006058361
386,12.888888888888888,784.579110460464,637.55645876751,-121.53317708340082
387,12.922279792746112,784.6373865433216,639.6573061472086,-118.77080389948141
388,12.955670696603338,794.8407321130488,625.9073782747613,-115.32758384076278
389,12.989061600460563,796.4966990454919,623.9961848324743,-112.04286910442364
390,13.022452504317787,792.6024480590314,633.9057267398401,-107.93632569106417
391,13.055843408175013,790.6256832239973,638.5472511869133,-103.21181438569364
392,13.089234312032238,792.4007657354936,634.961780777348,-98.71408502982855
393,13.122625215889462,797.3884414798489,628.8784601654058,-94.34250947696663
394,13.156016119746688,790.3904882746789,640.8878698301191,-89.69254610094227
395,13.189407023603913,789.212404222756,644.1892978446995,-84.41566220514437
396,13.222797927461137,798.8548562552124,640.3154158947359,-79.2475410967681
397,13.256188831318363,797.3562539188765,645.0562840561355,-73.94224608728842
398,13.289579735175588,803.3962056063174,634.5480305093372,-67.94809764890225
399,13.322970639032814,802.0512388290147,641.3588916727492,-62.79716122816491
400,13.356361542890038,800.005104176614,646.8599074014871,-57.164195091893546
401,13.389752446747263,802.6147477199886,642.5577648094825,-51.86471938163665
402,13.423143350604489,803.6038923904807,643.1172228912408,-47.624839044128564
403,13.456534254461713,802.3646165384101,647.3455729076372,-42.980477717458044
404,13.48992515831894,801.1838588355655,650.6584021662509,-38.041167615013194
405,13.523316062176164,,,
406,13.556706966033389,,,
407,13.590097869890615,,,
408,13.62348877374784,,,
409,13.656879677605064,,,
410,13.69027058146229,,,
411,13.723661485319514,791.8497632094559,674.6472574923586,-13.023696356070406
412,13.757052389176739,796.6437692308127,668.2430640662842,-10.228132483404547
413,13.790443293033965,780.2297959684335,688.309110181893,-7.901170035804583
414,13.82383419689119,784.9871086769376,681.3466642045614,-4.665036985548181
415,13.857225100748416,,,
416,13.89061600460564,795.2547159523647,673.4858519722834,0.4373155920967591
417,13.924006908462864,798.8588080248154,671.8579649450044,1.7068747561283928
418,13.95739781232009,802.440135904409,667.3678811390819,3.8115885511493843
419,13.990788716177315,806.3889938574908,660.3645922004042,6.180119471394477
420,14.024179620034541,799.9524779959727,672.4371136121043,7.982437251286891
421,14.057570523891766,793.1428177105714,684.2719179204419,9.865647208684662
422,14.09096142774899,803.5313635751727,666.4650297187993,11.313073557170348
423,14.124352331606216,793.3950722200491,674.0362708459213,13.230905415619794
424,14.15774323546344,797.5917046393031,669.9766035128845,15.307798637553072
425,14.191134139320665,800.5707181241206,664.9459857825257,16.819461569446105
426,14.224525043177891,803.4855894137453,669.4087916245259,18.561341923091724
427,14.257915947035116,811.9712776892972,656.9132090192502,19.733896641223573
428,14.29130685089234,796.9616740776135,680.8477283267094,21.625307307013248
429,14.324697754749566,800.5688660066053,675.6447208299368,23.352541869930224
430,14.35808865860679,798.3688544366896,679.9186045231851,25.27555359215769
431,14.391479562464017,800.1767763057143,676.2337643020637,26.63375764986903
432,14.424870466321241,798.320469726815,681.5492929969115,28.252105044200277
433,14.458261370178466,795.8245922981513,686.3455253774433,29.885010448798603
434,14.491652274035692,797.8474305847318,684.5021395763825,31.811741474955426
435,14.525043177892917,799.2442035791254,685.740263252057,33.452433379336696
436,14.558434081750143,798.3350797624122,686.5278537992325,35.291576953525855
437,14.591824985607367,798.940953267544,684.0025798796013,37.2714980483517
438,14.625215889464592,798.6613970175682,684.3800963148468,39.097976722965555
439,14.658606793321818,801.5816062414663,679.05088213907,41.296132507115246
440,14.691997697179042,805.442214219321,676.0174644992175,43.71777712016873
441,14.725388601036267,807.1059179003245,674.1026708497155,45.407750240670275
442,14.758779504893493,796.3749008431873,682.1306619818968,48.200827693166985
443,14.792170408750717,798.0741450579028,682.2405870911956,51.20813529902934
444,14.825561312607942,802.0847749362814,674.0501824917915,53.982532459496554
445,14.858952216465168,801.8893150934725,682.2920310718788,56.220823382148
446,14.892343120322392,804.347932400204,677.4892238178531,59.43371985167063
447,14.925734024179619,809.3092778949275,670.7132647541503,62.885276149274574
448,14.959124928036843,803.7841145101798,679.8980044013874,66.69454407605286
449,14.992515831894067,811.6341705180208,668.3810909365308,70.16429247428442
450,15.025906735751294,812.8031013146993,666.4161530274042,74.84494377706982
451,15.059297639608518,809.3730236805386,672.840904577939,78.82861182503406
452,15.092688543465744,814.918217024077,665.8735018590493,83.57153189064617
453,15.126079447322969,812.9777235769842,670.4276638956554,87.84672103979138
454,15.159470351180193,815.5181511416678,656.0295350769005,93.65020793621102
455,15.19286125503742,817.7338576066614,653.7337788675673,99.49501438007312
456,15.226252158894644,821.4811632117522,651.4513133742373,105.25787249308833
457,15.259643062751868,815.6580571343753,661.450209765804,110.48807956655894
458,15.293033966609094,827.0874844112091,653.3740339993973,116.14701493116775
459,15.326424870466319,813.3763221411338,668.69231040436,122.00377423492877
460,15.359815774323543,812.0203875136762,670.7077288895833,127.09638774456472
461,15.39320667818077,810.0043502796386,675.6418701591408,131.84134978960478
462,15.426597582037994,819.5474809871653,670.5228469279201,137.5058769104717
463,15.45998848589522,817.7070883890315,674.4148862112785,141.67449661085817
464,15.493379389752445,823.204272624994,666.6477418803759,146.29953386777632
465,15.526770293609669,814.2336767852523,681.7544284817911,150.8733440583133
466,15.560161197466895,,,
467,15.59355210132412,809.2491794054088,691.1048858063252,158.82007841152463
468,15.626943005181346,810.8003160296387,690.7404831829358,162.0790688915895
469,15.66033390903857,813.9538762546625,686.9848219651008,164.9274739143613
470,15.693724812895795,808.3117495626349,697.8944725389455,167.92506174958226
471,15.727115716753021,816.1367838344198,684.9009338161848,171.0084883655539
472,15.760506620610245,808.9106658586109,700.6746020201416,174.96882727270727
473,15.79389752446747,814.0166737484622,693.702102686467,177.0421083223303
474,15.827288428324696,,,
475,15.86067933218192,,,
476,15.894070236039145,,,
477,15.927461139896371,,,
478,15.960852043753595,,,
479,15.994242947610822,825.3478382719592,678.4658747346199,-171.09793282713466
480,16.027633851468046,826.3574895714975,678.2998152546555,-169.2324303776742
481,16.06102475532527,825.7652081187049,680.8619977213526,-167.53019957756112
482,16.094415659182495,833.116928826604,669.7617901856988,-165.9763891651295
483,16.127806563039723,833.9574871402106,669.1446338502811,-164.18738778804115
484,16.161197466896947,836.9281167980782,667.7739842183703,-161.8561723961525
485,16.194588370754172,826.7580384223114,685.2723941672498,-160.93274243009378
486,16.227979274611396,832.1015984156851,680.6396158071185,-158.852856950289
487,16.26137017846862,827.1278107642604,690.8635268134258,-157.73404709084278
488,16.29476108232585,835.3027710271036,679.0641176957794,-156.21936660549414
489,16.328151986183073,836.5830150053173,679.8002714989826,-154.34094877611463
490,16.361542890040297,845.9796024222197,674.7634054239217,-152.59970598831134
491,16.394933793897522,841.4596992306989,686.3877619506743,-150.8375289193379
492,16.428324697754746,844.6675993036138,681.7036416947597,-149.689350123197
493,16.46171560161197,846.414912442675,681.6808833512623,-147.61840967097768
494,16.4951065054692,854.0322633805632,673.0087133264606,-146.41981995000083
495,16.528497409326423,850.0508271291395,679.1484590128698,-144.43847417786142
496,16.561888313183648,845.6676087789758,689.135253972189,-142.37605535225512
497,16.595279217040872,852.0288413434456,681.0738425576229,-140.9011495669705
498,16.628670120898096,846.9004257851478,691.5288321741416,-138.9929170814722
499,16.662061024755324,,,
500,16.69545192861255,,,
501,16.728842832469773,848.6628736143881,696.1844728935833,-132.31196385893853
502,16.762233736326998,,,
503,16.795624640184222,843.4395281941372,696.8739161031485,-126.95696391967974
504,16.829015544041447,845.6736852908195,695.2990343424801,-124.5018708263407
505,16.862406447898675,853.3012238914303,686.1521390746668,-121.90390330093288
506,16.8957973517559,852.4753840342773,690.577648645198,-118.67172408758213
507,16.929188255613123,849.2788374033701,698.4227631086147,-115.05318566055985
508,16.962579159470348,876.6137056098377,667.2603446018315,-112.38951498226172
509,16.995970063327572,,,
510,17.0293609671848,864.0016091929274,683.2332254806576,-104.80751683209022
511,17.062751871042025,868.0613037319653,681.8232743703758,-101.0346873854225
512,17.09614277489925,866.4576973943035,685.7089578168492,-96.8814394672321
513,17.129533678756474,873.9652160428723,676.2156908862685,-92.19298219893436
514,17.162924582613698,877.9814804693971,669.0723661410093,-87.14663131212481
515,17.196315486470926,878.6884624782213,670.1402187392898,-81.57134196737998
516,17.22970639032815,887.6259390058018,665.1435710140365,-77.02195072164926
517,17.263097294185375,878.896686679885,674.2588163041365,-72.08775057628235
518,17.2964881980426,,,
519,17.329879101899824,,,
520,17.36327000575705,862.2599592113841,699.5756031827113,-56.52193992392013
521,17.396660909614276,,,
522,17.4300518134715,,,
523,17.463442717328725,,,
524,17.49683362118595,,,
525,17.530224525043174,,,
526,17.563615428900402,,,
527,17.597006332757626,,,
528,17.63039723661485,,,
529,17.663788140472075,,,
530,17.6971790443293,,,
531,17.730569948186528,,,
532,17.763960852043752,,,
533,17.797351755900976,,,
534,17.8307426597582,,,
535,17.864133563615425,,,
536,17.89752446747265,,,
537,17.930915371329878,,,
538,17.964306275187102,,,
539,17.997697179044327,865.9290266293788,723.6304011380481,4.710870895779756
540,18.03108808290155,,,
541,18.064478986758775,878.6538640259548,703.7421290328466,8.148980278176431
542,18.097869890616003,885.4459061077058,701.684811185826,9.969071889712021
543,18.131260794473228,869.7697996060169,722.1185861473256,11.609458207776141
544,18.164651698330452,881.2706503671394,700.2359587146203,13.646476560931136
545,18.198042602187677,888.8208285810119,690.0996053570099,14.91683090255313
546,18.2314335060449,885.2689076355975,698.3423322270422,16.671497131339148
547,18.26482440990213,881.0310604240003,707.1232712253565,18.135582479941345
548,18.298215313759354,882.5868305187712,704.2024638108995,19.853518313117068
549,18.331606217616578,886.7175654650664,696.391683338476,21.329253872566298
550,18.364997121473802,887.4823769254021,696.5379673109882,23.029463296302414
551,18.398388025331027,879.2577373681745,713.4108248926439,24.56665828703907
552,18.431778929188255,,,
553,18.46516983304548,,,
554,18.498560736902704,,,
555,18.531951640759928,,,
556,18.565342544617152,,,
557,18.598733448474377,,,
558,18.632124352331605,878.1265026987502,716.7096087784842,35.9039061742004
559,18.66551525618883,,,
560,18.698906160046054,,,
561,18.732297063903278,866.9012871476782,732.7749659425688,41.27498251836295
562,18.765687967760503,874.817372224876,716.607868296171,43.82882788047368
563,18.79907887161773,879.3463399794199,709.5062440688423,46.08545444202832
564,18.832469775474955,870.7316998293525,722.1181792712815,48.54203208530291
565,18.86586067933218,,,
566,18.899251583189404,,,
567,18.93264248704663,864.2226755211108,727.0812826630778,58.12762609337901
568,18.966033390903853,867.4613774117618,724.6582253279208,60.3492200582557
569,18.99942429476108,875.6151920581676,710.681495592131,63.516985525073366
570,19.032815198618305,,,
571,19.06620610247553,,,
572,19.099597006332754,883.9892013359158,698.3879050124079,74.6507401875441
573,19.13298791018998,886.8604659032318,699.4918811513783,79.34554479041257
574,19.166378814047206,,,
575,19.19976971790443,893.3133696625168,701.8575796111049,87.65483227584069
576,19.233160621761655,899.8783710778998,691.24906700881,94.00349162815502
577,19.26655152561888,901.1974188449406,689.4287095047679,98.2167387834652
578,19.299942429476104,897.2642584268957,695.0860889368622,103.98429675756103
579,19.333333333333332,895.9626826835212,700.0008616919233,108.01716931493158
